item,diet,protein,carbs,fats,sweet,bitter,spicy,sour,dessert,main course,starter,north,south
apple_pie,0,0,1,1,1,0,0,0,1,0,0,0,0
baby_back_ribs,1,1,0,1,0,0,1,0,0,1,0,0,0
beef_tacos,1,1,1,1,0,0,1,0,0,1,0,0,0
beet_salad,0,1,0,0,0,1,0,1,0,1,0,0,0
bread_pudding,1,1,1,1,1,0,0,0,1,0,0,0,0
breakfast_burrito,1,1,1,1,0,0,1,0,0,1,0,0,0
bruschetta,0,0,1,1,0,1,1,1,0,1,1,0,0
caesar_salad,0,1,1,0,0,1,0,1,0,1,1,0,0
carrot_cake,0,0,1,1,1,0,0,0,1,0,0,0,0
cheese_plate,0,1,1,1,1,0,0,0,1,0,1,0,0
cheesecake,0,0,1,1,1,0,0,0,1,0,0,0,0
chicken_curry,1,1,1,1,0,0,1,0,0,1,0,0,0
chicken_quesadilla,1,1,1,1,0,0,1,0,0,1,0,0,0
chicken_wings,1,1,0,1,0,0,1,0,0,1,0,0,0
chocolate_cake,0,0,1,1,1,0,0,0,1,0,0,0,0
chocolate_ice_cream,0,1,1,1,1,0,0,0,1,0,0,0,0
chocolate_mousse,0,1,1,1,1,0,0,0,1,0,0,0,0
club_sandwich,1,1,1,1,0,0,0,0,0,1,0,0,0
cupcakes,0,0,1,1,1,0,0,0,1,0,0,0,0
donuts,0,0,1,1,1,0,0,0,1,0,0,0,0
falafel,0,1,1,1,0,0,1,0,0,1,1,0,0
filet_mignon,1,1,0,1,0,0,0,0,0,1,0,0,0
fish_and_chips,1,1,1,1,0,0,0,0,0,1,0,0,0
french_fries,0,0,1,1,0,0,1,0,0,1,1,0,0
french_onion_soup,0,0,1,1,0,1,0,1,0,1,1,0,0
french_toast,1,1,1,1,1,0,0,0,1,0,0,0,0
fried_calamari,1,1,1,1,0,0,1,0,0,1,1,0,0
fried_rice,1,1,1,1,0,0,1,0,0,1,0,0,0
frozen_yogurt,0,1,1,0,1,0,0,0,1,0,0,0,0
garlic_bread,0,1,1,1,0,0,1,0,0,1,1,0,0
greek_salad,0,1,1,1,0,0,0,1,0,1,1,0,0
grilled_cheese_sandwich,1,1,1,1,0,0,0,0,0,1,0,0,0
grilled_salmon,1,1,1,1,0,0,0,1,0,1,0,0,0
guacamole,0,1,1,1,0,0,1,0,0,1,1,0,0
hamburger,1,1,0,1,0,0,0,0,0,1,0,0,0
hot_and_sour_soup,0,1,1,0,0,0,1,1,0,1,0,0,0
hot_dog,1,1,0,1,0,0,1,0,0,1,0,0,0
lasagna,1,1,1,1,0,0,0,0,0,1,0,0,0
lobster_roll_sandwich,1,1,0,1,0,0,0,0,0,1,0,0,0
macaroni_and_cheese,1,1,1,1,0,0,0,0,0,1,0,0,0
miso_soup,0,1,1,0,0,0,1,1,0,1,0,0,0
nachos,0,1,1,1,0,0,1,0,0,1,1,0,0
omelette,1,1,1,1,0,0,0,0,0,1,0,0,0
onion_rings,0,0,1,1,0,0,0,0,0,1,1,0,0
pancakes,0,1,1,1,1,0,0,0,1,0,0,0,0
panna_cotta,0,0,1,1,1,0,0,0,1,0,0,0,0
pizza,0,1,1,1,0,0,1,0,0,1,0,0,0
poutine,1,1,1,1,0,0,0,0,0,1,0,0,0
ramen,1,1,1,0,0,0,1,0,0,1,0,0,0
red_velvet_cake,0,0,1,1,1,0,0,0,1,0,0,0,0
samosa,0,1,1,1,0,0,1,0,0,1,1,0,0
spring_rolls,0,1,1,1,0,0,1,0,0,1,1,0,0
steak,1,1,0,1,0,0,0,0,0,1,0,0,0
strawberry_shortcake,0,0,1,1,1,0,0,0,1,0,0,0,0
tiramisu,0,0,1,1,1,0,0,0,1,0,0,0,0
waffles,0,1,1,1,1,0,0,0,1,0,0,0,0
Balu shahi,0,1,1,1,1,0,0,0,1,0,0,0,0
Boondi,0,0,1,1,1,0,0,0,1,0,0,0,0
Gajar ka halwa,0,1,1,1,1,0,0,0,1,0,0,0,0
Ghevar,0,0,1,1,1,0,0,0,1,0,0,0,0
Gulab jamun,0,0,1,1,1,0,0,0,1,0,0,0,0
Imarti,0,0,1,1,1,0,0,0,1,0,0,0,0
Jalebi,0,0,1,1,1,0,0,0,1,0,0,0,0
Kaju katli,0,1,0,1,1,0,0,0,1,0,0,0,0
Kalakand,0,1,1,1,1,0,0,0,1,0,0,0,0
Kheer,0,1,1,1,1,0,0,0,1,0,0,0,0
Laddu,0,1,1,1,1,0,0,0,1,0,0,0,0
Lassi,0,1,1,0,1,0,0,0,1,0,0,0,0
Nankhatai,0,0,1,1,1,0,0,0,1,0,0,0,0
Petha,0,0,1,0,1,0,0,0,1,0,0,0,0
Phirni,0,1,1,1,1,0,0,0,1,0,0,0,0
Rabri,0,1,1,1,1,0,0,0,1,0,0,0,0
Sheera,0,0,1,1,1,0,0,0,1,0,0,0,0
Singori,0,1,1,1,1,0,0,0,1,0,0,0,0
Sohan halwa,0,0,1,1,1,0,0,0,1,0,0,0,0
Sohan papdi,0,0,1,1,1,0,0,0,1,0,0,0,0
Chhena jalebi,0,0,1,1,1,0,0,0,1,0,0,0,0
Chhena kheeri,0,1,1,1,1,0,0,0,1,0,0,0,0
Chhena poda,0,1,1,1,1,0,0,0,1,0,0,0,0
Cham cham,0,1,1,1,1,0,0,0,1,0,0,0,0
Kheer sagar,0,1,1,1,1,0,0,0,1,0,0,0,0
Ledikeni,0,1,1,1,1,0,0,0,1,0,0,0,0
Lyangcha,0,1,1,1,1,0,0,0,1,0,0,0,0
Malapua,0,1,1,1,1,0,0,0,1,0,0,0,0
Mihidana,0,1,1,1,1,0,0,0,1,0,0,0,0
Misti doi,0,1,1,1,1,0,0,0,1,0,0,0,0
Pantua,0,1,1,1,1,0,0,0,1,0,0,0,0
Pithe,0,1,1,1,1,0,0,0,1,0,0,0,0
Rasabali,0,1,1,1,1,0,0,0,1,0,0,0,0
Ras malai,0,1,1,1,1,0,0,0,1,0,0,0,0
Rasgulla,0,1,1,1,1,0,0,0,1,0,0,0,0
Sandesh,0,1,1,1,1,0,0,0,1,0,0,0,0
Adhirasam,0,1,1,1,1,0,0,0,1,0,0,0,0
Ariselu,0,1,1,1,1,0,0,0,1,0,0,0,0
Bandar laddu,0,1,1,1,1,0,0,0,1,0,0,0,0
Chikki,0,1,1,1,1,0,0,0,1,0,0,0,1
Dharwad pedha,0,1,1,1,1,0,0,0,1,0,0,1,0
Double ka meetha,0,0,1,1,1,0,0,0,1,0,0,0,0
Gavvalu,0,0,1,1,1,0,0,0,1,0,0,0,0
Kakinada khaja,0,0,1,1,1,0,0,0,1,0,0,0,1
Kuzhi paniyaram,0,1,1,1,1,0,0,0,1,0,0,0,1
Mysore pak,0,1,1,1,1,0,0,0,1,0,0,1,0
Obbattu holige,0,1,1,1,1,0,0,0,1,0,0,1,0
Palathalikalu,0,1,1,1,1,0,0,0,1,0,0,1,0
Poornalu,0,1,1,1,1,0,0,0,1,0,0,1,0
Pongal,0,1,1,1,1,0,0,0,1,0,0,1,0
Pootharekulu,0,1,1,1,1,0,0,0,1,0,0,1,0
Qubani ka meetha,0,1,1,1,1,0,0,0,1,0,0,1,0
Sheer korma,0,1,1,1,1,0,0,0,1,0,0,0,1
Unni Appam,0,1,1,1,1,0,0,0,1,0,0,1,0
Kajjikaya,0,1,1,1,1,0,0,0,1,0,0,0,1
Anarsa,0,1,1,1,1,0,0,0,1,0,0,1,0
Basundi,0,1,1,1,1,0,0,0,1,0,0,0,1
Dhondas,0,1,1,1,1,0,0,0,1,0,0,1,0
Doodhpak,0,1,1,1,1,0,0,0,1,0,0,0,1
Mahim halwa,0,1,1,1,1,0,0,0,1,0,0,1,0
Modak,0,1,1,1,1,0,0,0,1,0,0,1,0
Shankarpali,0,0,1,1,1,0,0,0,1,0,0,1,0
Shrikhand,0,1,1,1,1,0,0,0,1,0,0,0,1
Sutar feni,0,1,1,1,1,0,0,0,1,0,0,0,1
Maach Jhol,0,1,1,1,0,0,1,0,0,1,0,0,1
Pork Bharta,0,1,1,1,0,0,1,0,0,1,0,0,1
Chak Hao Kheer,0,0,1,1,1,0,0,0,1,0,0,1,0
Galho,0,1,1,1,0,0,1,0,0,1,0,1,0
Aloo gobi,0,1,1,1,0,0,1,0,0,1,0,1,0
Aloo tikki,0,1,1,1,0,0,1,0,0,1,1,1,0
Aloo matar,0,1,1,1,0,0,1,0,0,1,0,1,0
Aloo methi,0,1,1,1,0,0,1,0,0,1,0,1,0
Aloo shimla mirch,0,1,1,1,0,0,1,0,0,1,0,1,0
Bhatura,0,1,1,1,0,0,1,0,0,1,0,1,0
Bhindi masala,0,1,1,1,0,0,1,0,0,1,0,1,0
Biryani,1,1,1,1,0,0,1,0,0,1,0,1,0
Butter chicken,1,1,0,1,0,0,1,0,0,1,0,1,0
Chana masala,0,1,1,1,0,0,1,0,0,1,0,1,0
Chapati,0,1,1,1,0,0,0,0,0,1,0,1,0
Chicken razala,1,1,1,1,0,0,1,0,0,1,0,1,0
Chicken Tikka masala,1,1,1,1,0,0,1,0,0,1,1,1,0
Chicken Tikka,1,1,1,1,0,0,1,0,0,1,1,1,0
Chole bhature,0,1,1,1,0,0,1,0,0,1,0,1,0
Daal baati churma,0,1,1,1,1,0,1,0,1,1,0,1,0
Daal puri,0,1,1,1,1,0,1,0,1,1,0,1,0
Dal makhani,0,1,1,1,0,0,1,0,0,1,0,1,0
Dal tadka,0,1,1,1,0,0,1,0,0,1,0,1,0
Dum aloo,0,1,1,1,0,0,1,0,0,1,0,1,0
Poha,0,1,1,1,0,0,1,0,0,1,0,1,0
Fara,0,1,1,1,0,0,1,0,0,1,0,1,0
Kachori,0,1,1,1,0,0,1,0,0,1,0,1,0
Kadai paneer,0,1,1,1,0,0,1,0,0,1,0,1,0
Kadhi pakoda,0,1,1,1,0,0,1,1,0,1,0,1,0
Karela bharta,0,1,1,1,0,1,1,0,0,1,0,1,0
Khichdi,0,1,1,1,0,0,0,0,0,1,0,1,0
Kofta,0,1,1,1,0,0,1,0,0,1,0,1,0
Kulfi falooda,0,1,1,1,1,0,0,0,1,0,0,1,0
Lauki ke kofte,0,1,1,1,0,0,1,0,0,1,0,1,0
Lauki ki subji,0,1,1,1,0,0,1,0,0,1,0,1,0
Litti chokha,0,1,1,1,0,0,1,0,0,1,0,1,0
Makki di roti sarson da saag,0,1,1,1,0,0,1,0,0,1,0,1,0
Misi roti,0,1,1,1,0,0,1,0,0,1,0,1,0
Mushroom do pyaza,0,1,1,1,0,0,1,0,0,1,0,1,0
Mushroom matar,0,1,1,1,0,0,1,0,0,1,0,1,0
Naan,0,1,1,1,0,0,0,0,0,1,0,1,0
Navrattan korma,0,1,1,1,0,0,1,0,0,1,0,1,0
Palak paneer,0,1,1,1,0,0,1,0,0,1,0,1,0
Paneer butter masala,0,1,1,1,0,0,1,0,0,1,0,1,0
Paneer tikka masala,0,1,1,1,0,0,1,0,0,1,0,1,0
Pani puri,0,1,1,1,1,0,1,0,0,1,1,1,0
Panjeeri,0,1,1,1,1,0,0,0,1,0,0,1,0
Papad,0,1,1,1,0,0,0,0,0,1,0,1,0
Paratha,0,1,1,1,0,0,0,0,0,1,0,1,0
Pattor,0,1,1,1,0,0,0,0,0,1,0,1,0
Pindi chana,0,1,1,1,0,0,1,0,0,1,0,1,0
Rajma chaval,0,1,1,1,0,0,1,0,0,1,0,1,0
Rongi,0,1,1,1,0,0,1,0,0,1,0,1,0
Samosa,0,1,1,1,0,0,1,0,0,1,1,1,0
Sattu ki roti,0,1,1,1,0,0,1,0,0,1,0,1,0
Shahi paneer,0,1,1,1,0,0,1,0,0,1,0,1,0
Shahi tukra,0,1,1,1,1,0,0,0,1,0,0,1,0
Vegetable jalfrezi,0,1,1,1,0,0,1,0,0,1,0,1,0
Tandoori Chicken,1,1,1,1,0,0,1,0,0,1,1,1,0
Tandoori Fish Tikka,1,1,1,1,0,0,1,0,0,1,1,1,0
Attu,0,1,1,1,0,0,1,0,0,1,0,1,0
Avial,0,1,1,1,0,0,1,0,0,1,0,0,1
Bisi bele bath,0,1,1,1,0,0,1,0,0,1,0,0,1
Currivepillai sadam,0,1,1,1,0,1,1,0,0,1,0,0,1
Dosa,0,1,1,1,0,0,1,0,0,1,0,0,1
Idiappam,0,1,1,1,0,0,0,0,0,1,0,0,1
Idli,0,1,1,1,0,0,0,0,0,1,0,0,1
Kanji,0,1,1,1,0,0,1,1,0,1,0,0,1
Kaara kozhambu,0,1,1,1,0,0,1,1,0,1,0,0,1
Keerai kootu,0,1,1,1,0,1,1,0,0,1,0,0,1
Keerai masiyal,0,1,1,1,0,1,1,0,0,1,0,0,1
Keerai sadam,0,1,1,1,0,1,1,0,0,1,0,0,1
Keerai poriyal,0,1,1,1,0,1,1,0,0,1,0,0,1
Beef Fry,1,1,1,1,0,0,1,0,0,1,0,0,1
Kootu,0,1,1,1,0,0,1,0,0,1,0,0,1
Kos kootu,0,1,1,1,0,0,1,0,0,1,0,0,1
Koshambri,0,1,1,1,0,0,0,1,0,1,0,0,1
Kothamali sadam,0,1,1,1,0,0,1,0,0,1,0,0,1
Kuzhakkattai,0,1,1,1,0,0,0,0,1,0,0,0,1
Kuzhambu,0,1,1,1,0,0,1,0,0,1,0,0,1
Masala Dosa,0,1,1,1,0,0,1,0,0,1,0,0,1
Pachadi,0,1,1,1,0,0,0,1,1,0,0,0,1
Paniyaram,0,1,1,1,0,0,1,0,0,1,1,0,1
Papadum,0,1,1,1,0,0,1,0,0,1,0,0,1
Paravannam,0,1,1,1,1,0,0,0,1,0,0,0,1
Payasam,0,1,1,1,1,0,0,0,1,0,0,0,1
Paruppu sadam,0,1,1,1,0,0,1,0,0,1,0,0,1
Pesarattu,0,1,1,1,0,0,1,0,0,1,0,0,1
Poriyal,0,1,1,1,0,0,1,0,0,1,0,0,1
Puli sadam,0,1,1,1,0,0,1,1,0,1,0,0,1
Rasam,0,1,1,1,0,0,1,1,0,1,0,0,1
Puttu,0,1,1,1,0,0,0,0,0,1,0,0,1
Sambar,0,1,1,1,0,0,1,1,0,1,0,0,1
Sandige,0,1,1,1,0,0,1,0,0,1,0,0,1
Sevai,0,1,1,1,0,0,1,0,0,1,0,0,1
Thayir sadam,0,1,1,1,0,0,0,1,0,1,0,0,1
Theeyal,0,1,1,1,0,0,1,1,0,1,0,0,1
Uttapam,0,1,1,1,0,0,1,0,0,1,0,0,1
Vada,1,1,1,1,0,0,1,0,0,1,1,0,1
Chicken Varuval,1,1,1,1,0,0,1,0,0,1,0,1,0
Upma,0,1,1,1,0,0,1,0,0,1,0,0,1
Amti,0,1,1,1,0,0,1,1,0,1,0,0,1
Zunka,0,1,1,1,0,0,1,0,0,1,0,1,0
Kolim Jawla,0,1,1,1,0,0,1,1,0,1,0,1,0
Saath,0,1,1,1,0,0,1,1,0,1,0,1,0
Bajri no rotlo,0,1,1,1,0,0,0,1,0,1,0,1,0
Coconut vadi,0,1,1,1,1,0,0,0,1,0,0,0,1
Bhakri,0,1,1,1,0,0,0,1,0,1,0,1,0
Bombil fry,1,1,1,1,0,0,1,0,0,1,1,1,0
Chakali,0,1,1,1,1,0,1,0,1,0,1,0,1
Chevdo,0,1,1,1,1,0,1,0,1,0,1,0,1
Chorafali,0,1,1,1,1,0,1,0,1,0,1,0,1
Copra paak,0,1,1,1,1,0,0,0,1,0,0,0,1
Daal Dhokli,0,1,1,1,0,0,1,0,0,1,0,0,1
Kutchi dabeli,0,1,1,1,1,0,1,0,1,0,1,0,1
Dahi vada,0,1,1,1,1,0,1,0,1,0,1,0,1
Dalithoy,0,1,1,1,0,0,1,0,0,1,0,0,1
Dhokla,0,1,1,1,1,0,1,0,1,0,1,0,1
Dudhi halwa,0,1,1,1,1,0,0,0,1,0,0,0,1
Gatta curry,0,1,1,1,0,0,1,0,0,1,0,1,0
Gud papdi,0,0,1,1,1,0,0,0,1,0,0,0,1
Ghooghra,0,1,1,1,1,0,0,0,1,0,0,1,0
Handwo,0,1,1,1,0,0,1,0,0,1,0,0,1
Halvasan,0,1,1,1,1,0,0,0,1,0,0,0,1
Jeera Aloo,0,1,1,1,0,0,1,0,0,1,0,1,0
Kansar,0,1,1,1,1,0,0,0,1,0,0,1,0
Keri no ras,0,1,1,1,1,0,0,0,1,0,0,1,0
Khakhra,0,1,1,1,0,0,1,0,0,1,0,1,0
Khandvi,0,1,1,1,1,0,1,0,1,0,1,1,0
Kombdi vade,0,1,1,1,0,0,1,0,0,1,0,1,0
Laapsi,0,1,1,1,1,0,0,0,1,0,0,1,0
Koshimbir,0,1,1,1,1,0,0,0,1,0,0,1,0
Methi na Gota,0,1,1,1,0,0,1,0,0,1,0,1,0
Mohanthal,0,1,1,1,1,0,0,0,1,0,0,1,0
Muthiya,0,1,1,1,0,0,1,0,0,1,0,1,0
Patra,0,1,1,1,0,0,1,0,0,1,0,1,0
Pav Bhaji,0,1,1,1,0,0,1,0,0,1,1,1,0
Puri Bhaji,0,1,1,1,0,0,1,0,0,1,1,1,0
Sabudana Khichadi,0,1,1,1,0,0,1,0,0,1,0,1,0
Sev khamani,0,1,1,1,0,0,1,0,0,1,1,1,0
Sev tameta,0,1,1,1,1,0,1,0,1,0,1,1,0
Namakpara,0,1,1,1,0,0,0,0,1,0,1,0,1
Sukhdi,0,1,1,1,1,0,0,0,1,0,0,1,0
Surnoli,0,1,1,1,1,0,0,0,1,0,0,1,0
Thalipeeth,0,1,1,1,0,0,1,0,0,1,0,1,0
Undhiyu,0,1,1,1,0,0,1,0,0,1,0,1,0
Veg Kolhapuri,0,1,1,1,0,0,1,0,0,1,0,1,0
Vindaloo,0,1,1,1,0,0,1,0,0,1,0,1,0
Lilva Kachori,0,1,1,1,0,0,1,0,0,1,0,1,0
Mag Dhokli,0,1,1,1,0,0,1,0,0,1,0,1,0
Khichu,0,1,1,1,0,0,1,0,0,1,0,1,0
Thepla,0,1,1,1,0,0,1,0,0,1,0,1,0
Farsi Puri,0,1,1,1,1,0,1,0,1,0,0,1,0
Khaman,0,1,1,1,1,0,1,0,1,0,0,1,0
Turiya Patra Vatana sabji,0,1,1,1,0,0,1,1,0,1,0,1,0
Churma Ladoo,0,1,1,1,1,0,0,0,1,0,0,1,0
Cheera Doi,0,1,1,1,1,0,0,0,1,0,0,1,0
Gheela Pitha,0,1,1,1,1,0,0,0,1,0,0,1,0
Khar,0,1,1,1,0,1,1,1,0,1,0,1,0
Kumol Sawul,0,1,1,1,0,0,1,0,0,1,0,1,0
Luchi,0,1,1,1,0,0,0,0,0,1,0,1,0
Alu Pitika,0,1,1,1,0,0,1,0,0,1,0,1,0
Masor tenga,1,1,1,1,0,0,1,1,0,1,0,1,0
Bengena Pitika,0,1,1,1,0,0,1,0,0,1,0,1,0
Bilahi Maas,1,1,1,1,0,0,1,0,0,1,0,1,0
Black rice,0,1,1,1,0,0,1,0,0,1,0,1,0
Bora Sawul,0,1,1,1,0,0,1,0,0,1,0,1,0
Brown Rice,0,1,1,1,0,0,0,0,0,1,0,1,0
Chingri malai curry,1,1,1,1,0,0,1,0,0,1,0,1,0
Goja,0,1,1,1,1,0,0,0,1,0,0,1,0
Hando Guri,0,1,1,1,1,0,0,0,1,0,0,1,0
Haq Maas,1,1,1,1,0,0,1,0,0,1,0,1,0
Chingri Bhape,1,1,1,1,0,0,1,0,0,1,0,1,0
Kabiraji,1,1,1,1,0,0,1,0,0,1,0,1,0
Khorisa,0,1,1,1,0,0,1,0,0,1,0,1,0
Koldil Chicken,1,1,1,1,0,0,1,0,0,1,0,1,0
Konir Dom,0,1,1,1,0,0,1,0,0,1,0,1,0
Koldil Duck,1,1,1,1,0,0,1,0,0,1,0,1,0
Masor Koni,1,1,1,1,0,0,1,0,0,1,0,1,0
Mishti Chholar Dal,0,1,1,1,1,0,1,0,1,0,1,0,1
Pakhala,0,1,1,1,0,0,1,0,0,1,0,1,0
Pani Pitha,0,1,1,1,1,0,0,0,1,0,0,1,0
Payokh,0,1,1,1,1,0,0,0,1,0,0,1,0
Prawn malai curry,1,1,1,1,0,0,1,0,0,1,0,1,0
Red Rice,0,1,1,1,0,0,0,0,0,1,0,1,0
Shukto,0,1,1,1,0,1,0,1,0,1,0,1,0
Til Pitha,0,1,1,1,1,0,0,0,1,0,0,1,0
Bebinca,0,1,1,1,1,0,0,0,1,0,0,1,0
Shufta,0,1,1,1,1,0,0,0,1,0,0,1,0
Mawa Bati,0,1,1,1,1,0,0,0,1,0,0,1,0
Pinaca,0,1,1,1,1,0,0,0,1,0,0,1,0
Hot Dogs,1,1,1,1,0,0,1,0,0,1,0,0,0
French Fries,0,1,1,1,0,0,0,0,0,1,0,0,0
Chicken Tenders,1,1,1,1,0,0,1,0,0,1,0,0,0
Pizza,1,1,1,1,0,0,1,0,0,1,0,0,0
Burgers,1,1,1,1,0,0,1,0,0,1,0,0,0
Apple Pie,0,0,1,1,1,0,0,1,1,0,1,0,0
Meatloaf,1,1,1,1,0,0,1,0,0,1,0,0,0
Macaroni and Cheese,0,1,1,1,0,0,0,0,0,1,0,0,0
Grilled Cheese Sandwiches,0,1,1,1,0,0,0,0,0,1,0,0,0
Pot Roast,1,1,1,1,0,0,1,0,0,1,0,0,0
Chocolate Chip Cookies,0,0,1,1,1,0,0,1,1,0,1,0,0
Tater Tots,0,1,1,1,0,0,0,0,0,1,0,0,0
Fried Chicken,1,1,1,1,0,0,1,0,0,1,0,0,0
Ice Cream,0,1,1,1,1,0,0,1,1,0,1,0,0
Potato Chips,0,1,1,1,0,0,0,0,0,1,0,0,0
Donuts,0,0,1,1,1,0,0,1,1,0,1,0,0
Barbecue Ribs,1,1,1,1,0,0,1,0,0,1,0,0,0
Brownies,0,0,1,1,1,0,0,1,1,0,1,0,0
Cupcakes,0,0,1,1,1,0,0,1,1,0,1,0,0
Pulled Pork,1,1,0,1,0,0,1,0,0,1,0,0,0
S'Mores,0,0,1,1,1,0,0,1,1,0,1,0,0
Coleslaw,0,0,1,1,1,0,0,1,1,0,1,0,0
Chili,1,1,1,1,0,0,1,0,0,1,0,0,0
Peanut Butter and Jelly Sandwiches,0,1,1,1,1,0,0,1,1,0,1,0,0
Buffalo Wings,1,1,1,1,0,0,1,0,0,1,0,0,0
Molten Chocolate Cake,0,1,1,1,1,0,0,1,1,0,1,0,0
New York-style Cheesecake,0,1,1,1,1,0,0,1,1,0,1,0,0
Eggs Benedict,1,1,1,1,0,0,0,0,0,1,0,0,0
Reuben,1,1,1,1,0,0,0,0,0,1,0,0,0
Gumbo,1,1,1,1,0,0,1,0,0,1,0,0,0
Frozen Custard,0,1,1,1,1,0,0,1,1,0,1,0,0
Calas,0,1,1,1,1,0,0,1,1,0,1,0,0
Charleston Red Rice,0,1,1,1,0,0,1,0,0,1,0,0,0
Chicken Bog,1,1,1,1,0,0,1,0,0,1,0,0,0
Dirty Rice,1,1,1,1,0,0,1,0,0,1,0,0,0
Glorified Rice,0,1,1,1,1,0,0,1,1,0,1,0,0
Gumbo,1,1,1,1,0,0,1,0,0,1,0,0,0
Hawaiian Haystack,0,1,1,1,0,0,1,0,0,1,0,0,0
Hoppin' John,1,1,1,1,0,0,1,0,0,1,0,0,0
Jambalaya,1,1,1,1,0,0,1,0,0,1,0,0,0
Rice and Gravy,0,1,1,1,0,0,1,0,0,1,0,0,0
Red Beans and Rice,1,1,1,1,0,0,1,0,0,1,0,0,0
Shrimp Creole,1,1,1,1,0,0,1,0,0,1,0,0,0
Spanish Rice,0,1,1,1,0,0,1,0,0,1,0,0,0
Bologna Sausage,1,1,1,1,0,0,1,0,0,1,0,0,0
Breakfast Sausage,1,1,1,1,0,0,1,0,0,1,0,0,0
Chaudin,1,1,0,1,0,0,1,0,0,1,0,0,0
Goetta,1,1,1,1,0,0,1,0,0,1,0,0,0
Half-smoke,1,1,0,1,0,0,1,0,0,1,0,0,0
Hot link (sausage),1,1,0,1,0,0,1,0,0,1,0,0,0
Italian hot dog,1,1,1,1,1,0,1,1,0,0,1,0,0
Lebanon bologna,1,1,0,1,0,0,1,0,0,1,0,0,0
Maxwell Street Polish,1,1,1,1,0,0,1,0,0,1,0,0,0
Polish Boy,1,1,1,1,1,0,1,0,0,1,0,0,0
Yangzhou fried rice,0,1,1,1,1,0,1,0,0,1,0,0,0
Scallion pancake,0,1,1,1,1,0,1,0,0,1,1,0,0
Braised pork belly,1,1,1,1,1,0,1,1,0,1,0,0,0
Sweet and sour spare ribs,1,1,0,1,1,0,1,1,0,1,0,0,0
Sichuan hot pot,1,1,1,1,0,0,1,0,0,1,0,0,0
Momo,1,1,1,1,0,0,1,0,0,0,1,0,0
Dan Dan noodles,0,1,1,1,0,0,1,0,0,1,0,0,0
Salt-and-pepper squid,1,1,1,1,0,0,1,0,0,0,1,0,0
Latiaozi,1,1,1,1,0,0,1,0,0,1,0,0,0
Roast suckling pig,1,1,1,1,1,0,1,0,0,1,0,0,0
Empanadas,1,1,1,1,0,0,1,0,0,1,0,0,0
Ceviche,1,1,1,1,0,0,1,1,0,1,0,0,0
Asado,1,1,1,1,0,0,1,0,0,1,0,0,0
Feijoada,1,1,1,1,0,0,1,0,0,1,0,0,0
Arepas,0,1,1,1,1,0,1,0,0,1,0,0,0
Cachapas,0,1,1,1,1,0,0,1,1,0,1,0,0
Churrasco,1,1,1,1,0,0,1,0,0,1,0,0,0
Lomo Saltado,1,1,1,1,0,0,1,0,0,1,0,0,0
Pisco Sour,0,0,1,0,1,0,0,1,1,0,1,0,0
Chimichurri,0,1,1,1,0,0,1,0,0,1,0,0,0
Chicha Morada,0,0,1,0,1,0,0,1,1,0,1,0,0
Moqueca,1,1,1,1,0,0,1,0,0,1,0,0,0
Alfajores,0,1,1,1,1,0,0,1,1,0,1,0,0
Ajiaco,1,1,1,1,0,0,1,0,0,1,0,0,0
Tacu Tacu,0,1,1,1,0,0,1,0,0,1,0,0,0
Humitas,0,1,1,1,1,0,0,1,1,0,1,0,0
Milanesa,1,1,1,1,0,0,1,0,0,1,0,0,0
Chocotorta,0,1,1,1,1,0,0,1,1,0,1,0,0
Picarones,0,1,1,1,1,0,0,1,1,0,1,0,0
Cuy (Guinea Pig),1,1,1,1,0,0,1,0,0,1,0,0,0
Tostones,0,1,1,1,0,0,1,0,0,1,0,0,0
Pastel de Choclo,0,1,1,1,1,0,0,1,1,0,1,0,0
Sopa Paraguaya,0,1,1,1,1,0,0,1,1,0,1,0,0
Anticuchos,1,1,1,1,0,0,1,0,0,1,0,0,0
Sopa de Mondongo,1,1,1,1,0,0,1,0,0,1,0,0,0
Parrillada,1,1,1,1,0,0,1,0,0,1,0,0,0
Caldinho de Feijão,0,1,1,1,0,0,1,0,0,1,0,0,0
Bolinho de Bacalhau,1,1,1,1,0,0,1,0,0,1,0,0,0
Causa,0,1,1,1,0,0,1,0,0,1,0,0,0
Choclo con Queso,0,1,1,1,1,0,0,1,1,0,1,0,0
Bibimbap,1,1,1,1,0,0,1,0,0,1,0,0,0
Kimchi,0,1,1,0,1,0,1,1,0,1,0,0,0
Bulgogi,1,1,1,1,0,0,1,0,0,1,0,0,0
Japchae,0,1,1,1,1,0,1,0,0,1,0,0,0
Kimchi Jjigae,0,1,1,1,0,0,1,1,0,1,0,0,0
Samgyeopsal,1,1,1,1,0,0,1,0,0,1,0,0,0
Tteokbokki,0,1,1,1,0,0,1,0,0,1,0,0,0
Galbi,1,1,1,1,0,0,1,0,0,1,0,0,0
Sundubu Jjigae,1,1,1,1,0,0,1,1,0,1,0,0,0
Gimbap,1,1,1,1,1,0,1,0,0,1,0,0,0
Baklava,0,1,1,1,1,0,0,1,1,0,1,0,0
Ceviche,1,1,1,1,0,0,1,1,0,1,0,0,0
Risotto,0,1,1,1,0,0,0,1,0,1,0,0,0
Haggis,1,1,1,1,0,0,1,0,0,1,0,0,0
Bratwurst,1,1,1,1,0,0,1,0,0,1,0,0,0
Wiener Schnitzel,1,1,1,1,0,0,1,0,0,1,0,0,0
Quiche Lorraine,1,1,1,1,1,0,0,1,0,1,0,0,0
Kebabs,1,1,1,1,0,0,1,0,0,1,0,0,0
Poutine,1,1,1,1,0,0,1,0,0,1,0,0,0
Spanakopita,0,1,1,1,1,0,1,0,0,1,0,0,0
Fideuà,1,1,1,1,0,0,1,0,0,1,0,0,0
Tiramisu,0,1,1,1,1,0,0,1,1,0,1,0,0
Rösti,0,1,1,1,0,0,1,0,0,1,0,0,0
Steak Tartare,1,1,1,1,0,0,1,0,0,1,0,0,0
Pirozhki,1,1,1,1,1,0,1,0,0,1,0,0,0
Carpaccio,1,1,1,1,0,0,1,0,0,1,0,0,0
Maultaschen,1,1,1,1,0,0,1,0,0,1,0,0,0
Bouillabaisse,1,1,1,1,0,0,1,0,0,1,0,0,0
Moules Frites,1,1,1,1,0,0,1,0,0,1,0,0,0
Tapas,1,1,1,1,0,0,1,0,0,1,0,0,0
Smørrebrød,1,1,1,1,0,0,1,0,0,1,0,0,0
Sourdough Bread,0,1,1,1,0,0,0,1,0,0,1,0,0
Biscuits and Gravy,1,1,1,1,0,0,1,0,0,1,0,0,0
New England Clam Bake,1,1,1,1,0,0,1,0,0,1,0,0,0
Nachos,0,1,1,1,0,0,1,0,0,1,0,0,0
Reuben Sandwich,1,1,1,1,0,0,0,1,0,1,0,0,0
Texas Chili,1,1,1,1,0,0,1,0,0,1,0,0,0
Cobb Salad,0,1,1,1,1,0,1,1,0,1,0,0,0
Montreal Smoked Meat Sandwich,1,1,1,1,0,0,0,1,0,1,0,0,0
Shrimp and Grits,1,1,1,1,0,0,1,0,0,1,0,0,0
Monte Cristo Sandwich,1,1,1,1,1,0,0,0,0,1,0,0,0
Sushi,1,1,1,1,0,0,0,1,0,1,0,0,0
Ramen,1,1,1,1,0,0,1,0,0,1,0,0,0
Tempura,1,1,1,1,0,0,0,0,0,1,0,0,0
Sashimi,1,1,1,1,0,0,0,1,0,1,0,0,0
Yakitori,1,1,1,1,0,0,1,0,0,1,0,0,0
Udon,1,1,1,1,0,0,1,0,0,1,0,0,0
Tonkatsu,1,1,1,1,0,0,0,0,0,1,0,0,0
Okonomiyaki,1,1,1,1,0,0,1,1,0,1,0,0,0
Miso Soup,0,1,1,1,0,0,1,1,0,1,0,0,0
Takoyaki,1,1,1,1,1,0,1,0,0,1,0,0,0
Khorkhog,1,1,0,1,0,0,1,0,0,1,0,0,0
Buuz,1,1,0,1,0,0,1,0,0,1,0,0,0
Khuushuur,1,1,0,1,0,0,1,0,0,1,0,0,0
Bantan,1,1,0,1,0,0,1,0,0,1,0,0,0
Tsuivan,1,1,0,1,0,0,1,0,0,1,0,0,0
Boortsog,0,1,1,1,1,0,0,0,1,0,1,0,0
Bansh,1,1,0,1,0,0,1,0,0,1,0,0,0
Guriltai Shul,1,1,0,1,0,0,1,0,0,1,0,0,0
Khoorshoor,1,1,0,1,0,0,1,0,0,1,0,0,0
Boodog,1,1,0,1,0,0,1,0,0,1,0,0,0
Hainanese Chicken Rice,1,1,1,1,0,0,1,1,0,1,0,0,0
Chili Crab,1,1,1,1,0,0,1,1,0,1,0,0,0
Laksa,1,1,1,1,0,0,1,1,0,1,0,0,0
Char Kway Teow,1,1,1,1,0,0,1,1,0,1,0,0,0
Hainanese Pork Chop,1,1,1,1,0,0,1,1,0,1,0,0,0
Satay,1,1,1,1,0,0,1,1,0,1,1,0,0
Bak Kut Teh,1,1,1,1,0,0,1,1,0,1,0,0,0
Nasi Lemak,1,1,1,1,1,0,1,1,0,1,0,0,0
Roti Prata,0,1,1,1,1,0,0,1,1,0,1,0,0
Chicken Satay with Peanut Sauce,1,1,1,1,0,0,1,1,0,1,0,0,0
Tagine,1,1,1,1,0,0,1,0,0,1,0,0,0
Couscous,0,1,1,0,0,0,0,0,0,1,0,0,0
Jollof Rice,1,1,1,1,0,0,1,0,0,1,0,0,0
Bobotie,1,1,1,1,1,0,1,0,1,1,0,0,0
Injera,0,1,1,0,0,0,0,0,0,1,0,0,0
Doro Wat,1,1,1,1,0,0,1,0,0,1,0,0,0
Bunny Chow,1,1,1,1,0,0,1,0,0,1,0,0,0
Moambe Chicken,1,1,1,1,0,0,1,0,0,1,0,0,0
Fufu,0,1,1,0,0,0,0,0,0,1,0,0,0
Biltong,1,1,0,1,0,0,1,0,0,1,0,0,0
Samosa,1,1,1,1,0,0,1,0,0,1,0,0,0
Piri Piri Chicken,1,1,1,1,0,0,1,0,0,1,0,0,0
Suya,1,1,1,1,0,0,1,0,0,1,0,0,0
Akara,0,1,1,0,0,0,1,0,0,1,0,0,0
Kelewele,0,1,1,1,0,0,1,0,0,1,0,0,0
Ful Medames,1,1,1,1,0,0,1,0,0,1,0,0,0
Chapati,0,1,1,1,0,0,0,0,0,1,0,0,0
Maafe,1,1,1,1,0,0,1,0,0,1,0,0,0
Nyama Choma,1,1,1,1,0,0,1,0,0,1,0,0,0
Ugali,0,1,1,0,0,0,0,0,0,1,0,0,0
Briyani,1,1,1,1,0,0,1,0,0,1,0,0,0
Chakalaka,1,1,1,1,0,0,1,0,0,1,0,0,0
Pap en Vleis/Shisa Nyama,1,1,1,1,0,0,1,0,0,1,0,0,0
Efo Riro,1,1,1,1,0,0,1,0,0,1,0,0,0
Egusi Soup,1,1,1,1,0,0,1,0,0,1,0,0,0
Chermoula,0,1,1,1,0,0,1,1,0,1,0,0,0
Shakshuka,1,1,1,1,0,0,1,1,0,1,0,0,0
Koshari,1,1,1,1,0,0,1,0,0,1,0,0,0
Fatayer,0,1,1,1,1,0,1,0,1,1,0,0,0
Khachapuri,0,1,1,1,1,0,1,0,1,1,0,0,0
Tiramisu,0,0,1,1,1,0,0,0,1,0,0,0,0
Baklava,0,1,1,1,1,0,0,0,1,0,0,0,0
Chocotorta,0,1,1,1,1,0,0,0,1,0,0,0,0
Alfajores,0,1,1,1,1,0,0,0,1,0,0,0,0
Pastel de Choclo,0,1,1,1,1,0,0,0,1,0,0,0,0
Cheesecake,0,1,1,1,1,0,0,0,1,0,0,0,0
Red Velvet Cake,0,1,1,1,1,0,0,0,1,0,0,0,0
Mochi,0,1,1,1,1,0,0,0,1,0,0,0,0
Pavlova,0,1,1,1,1,0,0,0,1,0,0,0,0
Panna Cotta,0,1,1,1,1,0,0,0,1,0,0,0,0
Cannoli,0,1,1,1,1,0,0,0,1,0,0,0,0
Gelato,0,1,1,1,1,0,0,0,1,0,0,0,0
Churros,0,1,1,1,1,0,0,0,1,0,0,0,0
Apple Pie,0,0,1,1,1,0,0,0,1,0,0,0,0
Brownies,0,1,1,1,1,0,0,0,1,0,0,0,0
Creme Brulee,0,1,1,1,1,0,0,0,1,0,0,0,0
Gulab Jamun,0,1,1,1,1,0,0,0,1,0,0,0,0
Éclair,0,1,1,1,1,0,0,0,1,0,0,0,0
Macarons,0,1,1,1,1,0,0,0,1,0,0,0,0
Mille-Feuille,0,1,1,1,1,0,0,0,1,0,0,0,0
Pecan Pie,0,1,1,1,1,0,0,0,1,0,0,0,0
Tres Leches Cake,0,1,1,1,1,0,0,0,1,0,0,0,0
Black Forest Cake,0,1,1,1,1,0,0,0,1,0,0,0,0
Sachertorte,0,1,1,1,1,0,0,0,1,0,0,0,0
Bruschetta,0,1,1,1,0,0,1,1,0,0,1,0,0
Spring Rolls,0,1,1,1,0,0,1,1,0,0,1,0,0
Caprese Salad,0,1,1,1,0,0,1,1,0,0,1,0,0
Gazpacho,0,1,1,1,0,1,1,1,0,0,1,0,0
Edamame,0,1,1,1,0,0,1,0,0,0,1,0,0
Antipasto,0,1,1,1,0,0,1,1,0,0,1,0,0
Dim Sum,0,1,1,1,0,0,1,1,0,0,1,0,0
Prawn Cocktail,0,1,1,1,0,0,1,1,0,0,1,0,0
Stuffed Mushrooms,0,1,1,1,0,0,1,0,0,0,1,0,0
Deviled Eggs,0,1,1,1,0,0,1,0,0,0,1,0,0
Mezze,0,1,1,1,0,0,1,1,0,0,1,0,0
Gyoza,0,1,1,1,0,0,1,1,0,0,1,0,0
Crostini,0,1,1,1,0,0,1,1,0,0,1,0,0
Escargot,1,1,1,1,0,0,1,0,0,0,1,0,0
Falafel,0,1,1,1,0,0,1,1,0,0,1,0,0
Ceviche,0,1,1,1,0,0,1,1,0,0,1,0,0
Sushi,0,1,1,1,0,0,1,0,0,0,1,0,0
Samosa,0,1,1,1,0,0,1,1,0,0,1,0,0
Hummus,0,1,1,1,0,0,1,1,0,0,1,0,0
Pani Puri,0,1,1,1,0,0,1,1,0,0,1,0,0
Bruschetta,0,0,1,1,0,0,1,1,0,0,1,0,0
Caesar Salad,0,1,1,1,0,1,0,1,0,0,1,0,0
Cheese Plate,0,1,1,1,0,0,0,0,0,0,1,0,0
Chicken Wings,1,1,0,1,0,0,1,0,0,0,1,0,0
Falafel,0,1,1,1,0,0,1,1,0,0,1,0,0
Greek Salad,0,1,1,1,0,0,0,1,0,0,1,0,0
Guacamole,0,1,1,1,0,0,1,1,0,0,1,0,0
Onion Rings,0,1,1,1,0,0,1,0,0,0,1,0,0
Nachos,1,1,1,1,0,0,1,1,0,0,1,0,0
Spring Rolls,0,1,1,1,0,0,1,0,0,0,1,0,0
Club Sandwich,1,1,1,1,0,0,0,0,0,0,1,0,0
Fried Calamari,1,1,0,1,0,0,1,0,0,0,1,0,0
Garlic Bread,0,1,1,1,0,0,0,0,0,0,1,0,0
Grilled Cheese Sandwich,1,1,1,1,0,0,0,0,0,0,1,0,0
Hot and Sour Soup,1,1,1,1,0,1,1,1,0,0,1,0,0
French Onion Soup,1,1,1,1,0,0,0,1,0,0,1,0,0
French Fries,0,0,1,1,0,0,1,0,0,0,1,0,0
Chicken Quesadilla,1,1,1,1,0,0,1,0,0,0,1,0,0
Mozzarella Sticks,0,1,1,1,0,0,1,0,0,0,1,0,0
Caprese Salad,0,1,1,1,0,0,0,0,0,0,1,0,0
Poutine,1,1,1,1,0,0,1,0,0,0,1,0,0
Shrimp Cocktail,1,1,0,1,0,0,1,1,0,0,1,0,0